n,algorithm,k,avg_time_ms
100,InsertionSort,NA,7.71E-5
100,Quicksort,0,0.00219375
100,Hybrid,100,8.945E-5
500,InsertionSort,NA,3.189E-4
500,Quicksort,0,0.0479312
500,Hybrid,100,0.0445583
1000,InsertionSort,NA,5.793E-4
1000,Quicksort,0,0.18094995
1000,Hybrid,100,0.1744211
2000,InsertionSort,NA,0.00119375
2000,Quicksort,0,0.6821229
2000,Hybrid,100,0.6782959
5000,InsertionSort,NA,0.0028312
5000,Quicksort,0,4.19143335
5000,Hybrid,100,4.1884833
