n,algorithm,avg_time_ms
100,InsertionSort,9.575E-5
100,Quicksort,0.00185005
100,Hybrid,0.0017603500000000002
500,InsertionSort,3.438E-4
500,Quicksort,0.03926465
500,Hybrid,0.03943315
1000,InsertionSort,5.6035E-4
1000,Quicksort,0.17239795
1000,Hybrid,0.17263124999999999
2000,InsertionSort,0.00137495
2000,Quicksort,0.6387522
2000,Hybrid,0.6323415
5000,InsertionSort,0.00279785
5000,Quicksort,3.7717897000000002
5000,Hybrid,3.8177311000000005
