n,algorithm,k,avg_time_ms
100,InsertionSort,NA,8.34E-5
100,Quicksort,0,0.0021291
100,Hybrid,100,8.955000000000001E-5
500,InsertionSort,NA,3.062E-4
500,Quicksort,0,0.0460874
500,Hybrid,100,0.0441
1000,InsertionSort,NA,5.625E-4
1000,Quicksort,0,0.17259580000000002
1000,Hybrid,100,0.1713189
2000,InsertionSort,NA,0.0011125
2000,Quicksort,0,0.67819585
2000,Hybrid,100,0.67560205
5000,InsertionSort,NA,0.0026897
5000,Quicksort,0,4.0660832
5000,Hybrid,100,3.91234795
